{
  "project_info": {
    "project_number": "37805506656",
    "firebase_url": "https://storelibrary-f18e0.firebaseio.com",
    "project_id": "storelibrary-f18e0",
    "storage_bucket": "storelibrary-f18e0.appspot.com"
  },
  "client": [
    {
      "client_info": {
        "mobilesdk_app_id": "1:37805506656:android:eb3b6ae84fd23d3a7ec305",
        "android_client_info": {
          "package_name": "com.example.storelibrary"
        }
      },
      "oauth_client": [
        {
          "client_id": "37805506656-0nokohbsj8sq4j4l3rrdea31k4bshap8.apps.googleusercontent.com",
          "client_type": 1,
          "android_info": {
            "package_name": "com.example.storelibrary",
            "certificate_hash": "5506358caad4495f5852d809932db1bae646573c"
          }
        },
        {
          "client_id": "37805506656-gak2i0vuip80kr26cv00uhs893jc7igt.apps.googleusercontent.com",
          "client_type": 3
        }
      ],
      "api_key": [
        {
          "current_key": "AIzaSyAoqSlxuuoUy5lSGv4xS6yUI9T4mWyiLIo"
        }
      ],
      "services": {
        "appinvite_service": {
          "other_platform_oauth_client": [
            {
              "client_id": "37805506656-gak2i0vuip80kr26cv00uhs893jc7igt.apps.googleusercontent.com",
              "client_type": 3
            }
          ]
        }
      }
    }
  ],
  "configuration_version": "1"
}